historietas largas ,3600
historietas en ingles ,4400
historietas comicas ,4400
historietas de la contaminacion ,0
historietas de amor ,32800
historietas sobre la contaminacion ,0
historietas del medio ambiente ,2900
historietas animadas ,1300
historietas antiguas ,0
historietas animadas cortas ,90
historietas a mano ,0
historietas avengers ,0
historietas a blanco y negro ,0
historietas archie ,390
historietas ambientales ,0
historietas assombradas ,2400
historietas animadas de la contaminacion ,0
historietas a blanco y negro cortas ,0
historietas a computadora ,0
historietas a color para niños ,0
historietas a color para completar ,0
historietas a color de mafalda ,0
historietas a diario ,0
historietas bonitas ,0
historietas blanco y negro ,0
historietas breves ,0
historietas bonitas y cortas ,0
historietas batman ,0
historias biblicas ,14800
historietas buenas ,20
historietas basadas en libros ,0
historietas breves para niños ,0
historietas bullying ,0
historietas cortas de amor ,0
historietas con onomatopeyas ,480
historietas creativas ,0
historietas caracteristicas ,0
historietas chistosas ,1600
historietas c ,0
historias de terror ,201000
historietas de la revolucion mexicana ,6600
historietas de la segunda guerra mundial ,0
de historietas ,880
de historietas en ingles ,0
historietas d'artagnan ,0
historietas d ,0
historietas de condorito ,2900
dibujos de historietas ,1300
historietas ejemplos ,0
historietas en blanco ,0
historietas en español ,0
historietas escolares ,0
historietas educativas ,390
historietas en blanco y negro ,0
historietas en ingles pdf ,0
historietas en ingles y español ,0
historietas en ingles largas ,0
historietas e comics ,0
historietas de anime ,0
historietas de manga ,0
comics e historietas diferencias ,0
caricaturas e historietas ,0
cuentos e historietas ,10
comicas e historietas ,0
viñetas e historietas ,0
historietas famosas ,0
historietas faciles de dibujar ,260
historietas faciles y cortas ,0
historietas funcion ,0
historietas filosoficas ,0
historietas fáciles de hacer ,0
historietas feministas ,0
historietas familia burron ,0
historias fantasticas ,1900
historietas graciosas ,0
historietas graciosas largas ,0
historietas garfield ,0
historietas groseras ,0
historietas graficas ,0
historietas grandes ,0
historietas gratis online ,0
historietas globos ,0
historietas graciosas para niños ,0
historietas gravity falls ,0
historietas hechas a mano ,0
historietas hechas ,0
historietas historicas ,0
historietas hechas por niños ,0
historietas historietas ,0
historietas humoristicas ,0
historietas hacer ,0
historietas historia ,0
historietas hechas en word ,0
historietas hechas en pixton ,0
h p //historietas.osinergmin.gob.pe/ ,0
historietas infantiles ,5400
historietas inventadas ,2400
historietas imagenes ,0
historietas infantiles cortas ,2900
historietas informativas ,0
historietas ideas ,0
historias interesantes ,1900
historietas informacion ,0
historietas inventadas largas ,0
historietas ingles ,0
historietas japonesas ,0
historietas juveniles ,0
historietas jose maria arguedas ,0
historietas juego de tronos ,0
historietas juan pardo ,0
historietas julieta arroquy ,0
historias jamas vistas ,0
historietas juegos ,0
historietas juan sin miedo ,0
historietas joan cornella ,0
historietas j ,0
historietas kawaii ,0
historietas kaliman ,720
historietas killing ,0
historietas coreanas ,0
historietas kenichi ,0
historietas kirchneristas ,0
historietas kayan ,0
que es historietas ,33100
historietas kiosco ,0
kaliman historietas descargar ,0
k significa historietas ,0
historietas largas sobre la contaminacion ,0
historietas largas de la contaminacion ,0
historietas largas pdf ,0
historietas largas en ingles ,0
historietas largas de amistad ,0
historietas largas de animales ,10
historietas largas para niños ,0
historietas largas del medio ambiente ,0
historietas largas en español ,0
caracteristicas de l historietas ,0
historietas marvel ,0
historietas mexicanas pdf ,70
historietas mafalda ,3600
historietas mudas ,1900
historietas medio ambiente ,0
historietas mas famosas ,0
historietas memin pinguin ,0
historietas marvel pdf ,70
historietas muy cortas ,0
historietas nombres ,0
historietas niños ,0
historietas no reconocidas ,0
historietas no muy conocidas ,0
historietas no tan largas ,0
historietas novaro ,0
historias no tan raras de amara ,0
historias narradas ,590
historias nordicas ,1000
historias narrativas ,1300
historietas online ,480
historietas o comics ,5400
historietas o tiras comicas ,70
historietas onomatopeyas ,590
historietas originales ,20
historietas o comics mexicanos ,0
historietas origen ,0
historietas online para hacer ,0
historietas online para leer ,0
historietas o comics cortos ,0
historietas o cómics ,0
historietas o comic ,0
historietas o caricaturas ,0
historias o fábulas ,0
historietas o comics para niños ,0
cuentos o historietas ,0
comics o historietas definicion ,0
comics o historietas de origen mexicano ,0
historietas para dibujar ,880
historietas para imprimir ,390
historietas pdf ,0
historietas para difundir ,0
historietas politicas ,0
historietas para niños cortas ,0
historietas periodisticas ,0
historietas para colorear ,0
historietas para completar ,720
historietas que son ,33100
historietas que hablen de valores ,0
historietas que hablen de problemas sociales ,0
historietas que abordan problematicas sociales ,0
historietas que contengan todos los elementos ,0
historietas que abordan problemas sociales ,0
historietas que son y caracteristicas ,0
historietas que es y sus caracteristicas ,0
historietas que tengan viñetas globos y onomatopeyas ,0
historietas que dejen una enseñanza ,0
historietas q significa ,0
q son historietas mudas ,0
q son las historietas ejemplos ,0
historietas romanticas ,0
historietas reflexivas ,0
historietas revolucion mexicana ,590
historietas retro ,0
historietas reales ,5400
historietas revolucion mexicana dialogos dibujos ,40
historietas reconocidas ,0
historietas rapidas ,0
historietas resolucion de conflictos ,0
historietas sin dialogos ,390
historietas sobre la basura ,320
historietas sobre problemas sociales ,0
historietas sobre el bullying ,1900
historietas sobre el maltrato animal ,0
historietas sexistas ,0
historietas sobre la contaminacion del agua ,0
historietas s ,0
historietas tumblr ,0
historietas temas ,0
historietas tipos ,0
historias tristes ,9900
historietas titulos ,0
historietas trans ,0
historietas tipo manga ,0
historietas thanos ,0
historietas tipos de globos ,0
historias tristes de amor ,8100
historietas unam ,0
historietas un poco largas ,0
historias urbanas ,1600
historias urbanas de terror ,480
historias ultratumba ,480
historias universales ,22200
historias urbanas de mexico ,40
historias urbanas cortas ,70
historias utopicas ,20
historias unicas ,30
historietas viejas ,260
historietas vacias ,0
historietas viñetas ,0
historietas vacias para llenar ,30
historietas valores ,0
historietas virtuales ,0
historietas vaqueros ,0
historietas vaquero pdf ,0
historietas videos ,0
historietas wikipedia ,0
historietas wais ,0
historietas western ,0
historietas walt disney ,0
historietas wais iii ,0
historietas word ,0
historietas web ,0
historietas wisc r ,0
historietas wisc ,0
historietas walt disney pdf ,0
historietas x2 ,0
historieta corta ,60500
historieta xforce ,0
historieta xd ,0
historietas de xenofobia ,0
historietas mexicanas x ,0
historietas de xantolo ,0
historietas del siglo xix ,0
historietas del siglo xv ,0
xmen historietas descargar ,0
historietas y comics ,5400
historietas yaoi ,0
historietas y sus caracteristicas ,0
historietas y sus elementos ,210
historietas y tiras comicas ,0
historietas y sus partes ,0
historietas ya hechas ,0
historietas y sus autores ,40
historietas yuri ,0
historias ya hechas ,0
historietas zor y los invencibles ,0
historietas zig zag ,0
historias zoo ,0
historias zen ,210
historietas zootopia ,0
historietas zombies ,0
historietas zelda ,0
historieta zoomorfos ,0
historieta zipi y zape ,0
historieta zapatero ,0
dragon ball z historietas ,0
dragon ball z historietas en español ,0
historieta 007 ,0
historietas trackid=sp006 ,0
historietas assombradas 02x20 ,0
historietas assombradas 02x22 ,0
historietas 0 ,0
historietas 12 cuadros ,0
historietas 10 viñetas ,0
historietas 18 ,0
historietas 10 cuadros ,0
historietas 12 viñetas ,0
historietas 15 viñetas ,0
historietas 16 viñetas ,0
historietas 10 ,0
historietas 1810 ,0
historietas 12 ,0
1 ejemplo de historietas ,0
historietas 20 viñetas ,0
historietas 2019 ,0
historietas 2018 ,0
historietas 20 de julio ,0
historias 2 guerra mundial ,0
historietas 2.0 ,0
historietas 2001 ,0
historietas 2006 ,0
historietas 20 años ,0
2 historietas ,210
2 historietas cortas para niños ,0
2 historietas literarias ,0
2 historias diferentes ,0
2 ejemplos historietas ,0
2 ejemplos de historietas cortas ,0
historietas 3d ,0
historietas 3 espacios ,0
3 historietas ,0
3 historietas cortas ,0
3 historietas mexicanas ,0
3 historietas de mafalda ,0
3 historietas comicas ,0
3 historietas honduras ,0
3 historias hondureñas ,0
historietas 4 viñetas ,0
historietas 4 fotos 1 palabra ,0
historietas 4 grado ,0
historietas 4to grado ,0
historietas 4 basico ,0
4 historietas ,0
4 historietas cortas ,0
40 historietas ,0
historieta 4x4 ,0
historietas de 4 cuadros ,0
4 ejemplos de historietas ,0
4 nombres de historietas ,0
4 libros de historietas ,0
5 historietas cortas ,0
5 historietas cortas para niños ,0
5 historietas de mafalda ,0
historieta 5 de mayo ,0
5 historietas infantiles ,0
5 historietas mexicanas ,0
historietas 6 viñetas ,0
historietas 6 cuadros ,0
historietas 6 viñetas para niños ,0
historietas 6to grado ,0
historietas 6 grado ,0
6 historietas ,0
6 historias cortas ,0
6 historietas comicas ,0
historia 6 basico ,50
historietas de 6 viñetas faciles ,0
6 nombres de historietas ,0
6 personajes de historietas ,0
6 ejemplos de historietas ,0
historietas 70 ,0
7 historietas ,0
7 historietas para niños muy divertidas ,0
historietas de 7 viñetas ,0
historietas años 70 ,0
historietas de 7 paginas ,0
historietas de 7 hojas ,0
historietas del 7 de agosto ,0
historietas de los 70 y 80 ,0
historietas de los 7 pecados capitales ,0
historietas 8 cuadros ,0
historietas 8 viñetas ,0
historietas con 8 viñetas para niños ,0
historietas de 8 viñetas faciles ,0
historietas de 8 viñetas graciosas ,0
historietas de 8 paginas ,0
historietas de 8 recuadros ,0
historietas de 8 escenas ,0
historietas de 8 hojas ,0
historietas años 80 ,0
chavo del 8 historietas ,0
8 ejemplos de historietas ,0
historieta 9 de julio ,0
historietas de 9 viñetas ,0
historietas de 9 cuadros ,20
historietas de 9 hojas ,0
historietas de los 90 ,0
historietas cortas de 9 cuadros ,0
historietas de lulu99 ,0
9 historias cortas de terror ,0
9 historias de terror ,0
9 historias de amor mempo giardinelli pdf ,0
9 historias de exito ,0
9 historias reales detras de las peliculas de disney ,0
9 historias de amor ,0
9 historias paranormales ,0
9 historias del genesis ,0
9 historias libro ,0
historietas 9 ,0
historietas largas con dibujos ,0
historietas largas para imprimir ,0
historietas largas en español ,0
historietas largas de valores ,0
historietas largas de amor ,0
historietas largas para niños ,0
historietas largas y faciles de dibujar ,0
historietas largas en ingles ,0
historietas largas con dibujos faciles ,0
historietas largas de amistad ,0
historietas largas del medio ambiente ,0
historietas largas de animales ,10
historietas largas de garfield ,0
historietas largas de snoopy ,0
historietas largas de problemas sociales ,0
historietas largas del bullying ,0
historietas largas sin dialogos ,0
historietas largas sobre las drogas ,0
historietas largas para completar dialogos ,0
historietas largas de amor con dibujos ,0
historietas largas animadas ,0
historietas largas sobre el medio ambiente ,0
historietas de dibujos animados largas ,0
historietas animadas largas con dibujos ,0
historietas largas del aborto ,0
historietas largas de anime ,0
historietas largas de acoso escolar ,0
historietas del agua largas ,0
historietas del alcoholismo largas ,0
historietas de mafalda largas a color ,0
historietas largas sobre el ahorro ,0
historietas largas sobre la amistad ,0
historietas para adolescentes largas ,0
historietas de accion largas ,0
historietas de aventuras largas ,0
historias bonitas largas ,0
historietas largas de bullying ,0
historietas largas en blanco y negro ,0
historietas en blanco largas ,0
historietas de batman largas ,0
historietas de la basura largas ,0
historietas largas comicas ,0
historietas largas con onomatopeyas ,0
historietas largas con imagenes ,0
historietas largas chistosas ,0
historietas largas con viñetas ,0
historietas largas con dibujos en español ,0
historietas largas con dialogos ,0
historietas largas con dibujos animados ,0
historietas largas con dibujos pdf ,0
historietas largas con dibujos para imprimir ,0
historietas de amor largas con dibujos ,0
historietas en ingles largas con imagenes ,0
historietas de comedia largas ,0
historietas largas sin dialogos para completar ,0
historietas comicas largas inventadas ,0
historietas comicas largas en español ,0
historietas cortas largas ,0
historietas largas de la contaminacion ,0
historietas largas de mafalda ,0
historietas largas de terror ,0
historietas largas de superheroes ,0
historietas largas de discriminacion ,0
historietas largas de filosofia ,0
historietas largas de risa ,0
historietas largas divertidas ,0
historietas largas de la segunda guerra mundial ,0
historietas largas ejemplos ,0
historietas largas escritas ,0
historietas largas en ingles con dibujos ,0
historietas largas en pdf ,0
historieta ejemplos largas ,0
historietas de bullying escolar largas ,0
historietas largas en ingles y español ,0
historietas educativas largas ,0
historietas educativas largas para niños ,0
historietas largas sobre el bullying ,0
historietas largas del embarazo precoz ,0
historietas largas en español para niños ,0
historietas largas sobre el alcoholismo ,0
historietas largas sobre el agua ,0
historietas largas de emociones ,0
historietas largas faciles de dibujar ,0
historietas largas faciles ,0
historietas largas de futbol ,0
historietas filosoficas largas ,0
historietas de violencias familiares largas ,0
historietas largas graciosas ,0
historietas largas graciosas en español ,0
historietas graciosas largas con dibujos ,0
historietas largas de gaturro ,0
historietas largas de la guerra de los pasteles ,0
historietas del calentamiento global largas ,0
historietas comicas largas de garfield ,0
historietas largas de 5 hojas ,0
historietas largas de 10 hojas ,0
historietas largas de valores humanos ,0
historias largas inventadas ,320
historietas largas de la independencia de mexico ,0
historietas infantiles largas ,0
historietas infantiles largas con dibujos ,0
historietas en ingles largas y grandes ,0
historietas en ingles largas de garfield ,0
historietas en ingles largas pdf ,0
historietas sobre la identidad largas ,0
historietas largas sin dialogos para imprimir ,0
historietas comicas largas para imprimir ,0
historietas largas de mafalda en ingles ,0
historietas largas sobre la discriminacion ,0
historietas largas de la revolucion mexicana ,0
historietas largas de las drogas ,0
historietas largas sobre la contaminacion ,0
historietas largas sobre la delincuencia ,0
historietas largas de los pitufos ,0
historietas largas de la discriminacion ,0
historietas largas para leer ,0
historietas largas sobre la contaminacion del agua ,0
historietas largas sobre los valores ,0
historietas largas de la drogadiccion ,0
historietas largas para llenar ,0
historietas largas sobre la contaminacion ambiental ,0
historietas largas mafalda ,0
historietas mudas largas ,0
historietas muy largas ,0
historietas medio largas ,0
historietas mas largas ,0
historietas largas de matematicas ,0
historias largas de miedo ,0
historietas largas para niños de primaria ,0
historietas de navidad largas ,0
historietas largas para niños con dibujos ,0
historietas largas para niñas ,0
historietas de noviazgo largas ,0
historietas graciosas para niños largas ,0
historietas largas pdf ,0
historietas largas para secundaria ,0
historietas largas para dibujar ,0
historietas largas para colorear ,0
historietas largas para rellenar ,0
historietas largas para descargar ,0
historietas largas para completar ,0
historietas politicas largas ,0
historietas largas de perros ,0
historietas largas del porfiriato ,0
historietas comicas largas para dibujar ,0
historietas de discriminacion racial largas ,0
historias romanticas largas ,0
historietas reflexivas largas ,0
historias reales largas ,0
historietas de respeto largas ,0
historietas sobre el racismo largas ,0
historietas sobre el respeto largas ,0
historietas largas sobre la basura ,0
historietas largas sobre problemas sociales ,0
historietas largas sobre el cuidado del agua ,0
historietas largas sin texto ,0
historias de terror largas ,5400
historietas no tan largas ,0
historietas largas de un problema social ,0
una historietas largas ,0
historietas largas sobre valores ,0
ver historietas largas ,0
historietas largas y graciosas ,0
historietas largas y divertidas ,0
historietas largas y bonitas ,0
historietas de zombies largas ,0
historietas en ingles cortas ,0
historietas en ingles largas ,0
historietas en ingles pdf ,0
historietas en ingles y español ,0
historietas en ingles para niños ,0
historietas en ingles y español con dibujos ,0
historietas en ingles de superheroes ,40
historietas en ingles y español cortas ,0
historietas en ingles cortas con dibujos ,30
historietas en ingles con dibujos ,20
historietas en ingles de 10 cuadros ,0
historietas en ingles de terror ,0
historietas en ingles pasado simple ,0
historietas en ingles de amor ,0
historietas en ingles de garfield ,0
historietas en ingles cortas para niños ,0
historietas en ingles presente simple ,0
historietas en ingles con el verbo to be ,0
historietas en ingles y español largas ,0
comics en ingles argentina ,0
comics en ingles amazon ,0
historietas en ingles para aprender ,0
historietas en ingles de halloween ,0
historietas en ingles de mafalda ,0
historietas en ingles de ,0
historietas de mafalda en ingles a color ,0
comics en ingles para aprender ,20
comics en ingles traducidos al español cortos ,0
comics en ingles de amor ,10
comics en ingles de animales ,0
comics en ingles de avengers ,0
historietas animadas en ingles ,0
historietas de accion en ingles ,0
comics en ingles animados ,0
comics en ingles barcelona ,0
historieta en ingles de batman ,0
comics en ingles de batman ,20
comics en ingles basico ,0
comics en ingles blanco y negro ,0
historietas en ingles de bob esponja ,0
historietas en ingles del bullying ,0
historietas en ingles sobre el bullying ,0
historietas breves en ingles ,0
historietas de batman en ingles ,0
historietas de batman en ingles para leer ,0
historietas de dragon ball en ingles ,0
historietas en ingles con verbos en pasado ,0
historietas en ingles completas ,0
historietas en ingles cortas pdf ,0
historietas en ingles cortas faciles ,0
historietas en ingles con will ,0
historietas en ingles con will y going to ,0
historietas en ingles cortas de superheroes ,0
historietas en ingles con verbos ,0
como se dice historias en ingles ,0
historietas en ingles con was y were ,0
historietas en ingles con imagenes ,0
historietas en ingles con presente simple ,0
historieta en ingles con todos los tiempos ,0
historieta en ingles como se escribe ,0
comics en ingles cortos ,2400
historietas en ingles de snoopy ,0
historietas de superhéroes en ingles ,0
historietas en ingles de animales ,0
historieta en ingles de los simpson ,0
historieta en ingles de la llorona ,0
comics en ingles de superheroes ,210
comics en ingles de marvel ,30
comics en ingles descargar ,10
comics en ingles de garfield ,40
comics en ingles de mafalda ,10
historietas en ingles en pasado simple ,0
historietas en ingles en presente simple ,0
historietas en ingles en pasado ,0
historietas en ingles ejemplos ,0
historietas en ingles escritas ,0
historietas en ingles español ,0
historietas en ingles y español cortas con dibujos ,0
historietas en ingles y español para niños ,0
historietas en ingles en presente continuo ,0
historietas en ingles en pdf ,0
comics en ingles y español ,0
historieta en ingles en presente perfecto ,0
comics en ingles ejemplos ,0
comics en ingles español ,0
historietas en ingles faciles ,0
comics en ingles faciles ,0
historietas de fantasia en ingles ,0
historietas de ciencia ficcion en ingles ,0
comics en ingles pdf free ,0
comics en ingles de flash ,0
comics en ingles de fantasia ,0
historietas de futbol en ingles ,0
historietas en ingles graciosas ,0
historietas en inglés gratis ,0
comics en ingles gratis ,10
comics en ingles graciosos ,10
comics en ingles pdf gratis ,40
descargar comics en ingles gratis ,10
leer comics en ingles gratis ,0
comics en ingles de garfiel ,0
comics en ingles garfield ,0
historietas en ingles con going to ,0
historietas en ingles de gaturro ,0
comics en ingles de garfield largos ,0
descargar comics en ingles gratis pdf ,0
historietas gráficas en ingles ,0
historieta en ingles de super heroes ,0
comics en ingles para hacer ,0
comics en ingles de horror ,0
como hacer historietas en ingles ,0
historietas de 10 hojas en ingles ,0
paginas para hacer historietas en ingles ,0
historietas de 5 hojas en ingles ,0
comics en ingles inventados ,10
comics en ingles para imprimir ,170
historietas inventadas en ingles ,0
historietas infantiles en ingles ,10
imagenes de historietas en ingles ,0
informacion de historietas en ingles ,0
comics en ingles imagenes ,0
historieta en idioma ingles ,0
historietas en ingles para imprimir ,0
historietas en ingles con verbos irregulares ,0
comics en ingles para imprimir pdf ,0
historietas cortas en ingles con imagenes ,0
historietas ilustradas en ingles ,0
historietas infantiles en inglés ,0
historias inventadas en ingles y español ,0
historietas inventadas en inglés ,0
historietas cortas en ingles para jovenes ,0
historietas cortos en ingles para jovenes ,0
historietas en inglés que significa ,0
comics en ingles largos ,140
comics en ingles largos con dibujos ,0
comics en ingles lima ,0
comics en ingles para leer ,0
comics en ingles completos largos ,0
comics en ingles mercado libre ,0
leer historietas en ingles ,0
comics en ingles largos pdf ,0
comics en ingles largos para imprimir ,0
comics en ingles largos de superheroes ,0
historietas en ingles para leer ,0
comics en ingles marvel pdf ,10
comics en ingles marvel ,50
comics en ingles madrid ,0
comics en ingles mexico ,0
comics en ingles mafalda ,10
comprar comics en ingles madrid ,0
mini historietas en ingles ,0
historietas de mafalda en ingles y español ,0
historietas en ingles de marvel ,0
historietas en ingles del medio ambiente ,0
historietas en ingles sobre el medio ambiente ,0
historietas en ingles con verbos modales ,0
comics en ingles de mickey mouse ,0
historietas cortas en ingles de mafalda ,0
historietas en ingles para niños pdf ,0
comics en ingles para niños ,0
comics en ingles para niños de primaria ,0
comics en ingles para niños pdf ,0
historietas de navidad en ingles ,0
comics en inglés para niños ,0
historietas de niños en ingles ,0
historietas de desastres naturales en ingles ,0
comics en ingles online ,10
comics en ingles o español ,0
comprar comics en ingles online ,0
comics o historietas en ingles ,0
historietas o comics cortos en ingles ,0
historietas en ingles presente continuo ,0
historietas en ingles presente perfecto ,0
historieta en ingles pasado continuo ,0
comics en ingles pdf ,320
historietas cortas en ingles para niños ,0
comics en ingles cortos para niños ,0
comics marvel en ingles pdf gratis ,0
revista de historietas en ingles ,0
historietas de rutinas diarias en ingles ,0
historietas de un restaurante en ingles ,0
historietas en ingles de robos ,0
historieta en ingles de caperucita roja ,0
historietas de rutinas en ingles ,0
historietas en ingles subtituladas ,0
comics en ingles de superheroes cortos ,0
historieta en ingles se dice ,0
comics en ingles sobre el medio ambiente ,0
comics en ingles sobre el bullying ,0
comics en ingles spiderman ,0
comics en ingles slideshare ,0
comics en ingles superheroes ,0
comics en ingles significado ,0
historietas en ingles traducidas en español ,0
historieta en ingles traduccion ,0
historieta en ingles traducida ,0
historieta en ingles traducir ,0
historieta en ingles traducido ,0
comics en ingles traduccion ,0
comics en ingles de terror ,10
historieta en ingles traductor ,0
comics en ingles traducidos al español ,0
historietas en ingles en tiempo pasado ,0
historietas en ingles con traduccion ,0
historias cortos en ingles traducidos al español ,0
comics en ingles con traduccion ,10
una historieta en ingles y español ,0
historietas de valores en ingles ,0
historietas en ingles en voz pasiva ,0
historietas en ingles de 4 viñetas ,0
comics en ingles de valores ,0
historietas en ingles y español pdf ,0
comics en ingles y español cortos ,0
historieta en ingles y traduccion ,0
comics en ingles y su traduccion ,0
historietas comicas en ingles y español ,0
historias cortas en ingles y su traduccion ,0
historietas de zombies en ingles ,0
historietas comicas cortas ,1000
historietas comicas largas ,110
historietas comicas para niños ,0
historietas comicas en español ,0
historietas comicas de filosofia ,0
historietas comicas cortas para niños ,0
historietas comicas en ingles ,50
historietas comicas completas ,0
historietas comicas de superheroes ,20
historietas comicas del alcoholismo ,0
historietas comicas para editar ,0
historietas comicas y cortas ,0
historietas comicas argentinas ,0
historietas comicas de la escuela ,0
historietas comicas pdf ,0
historietas comicas de condorito ,20
historietas comicas de marvel ,0
historietas comicas para adolescentes ,0
historietas comicas de amor ,0
tiras comicas argentinas ,30
tiras comicas antiguas ,0
tiras comicas archie sus amigos ,0
tiras comicas animadas ,10
tiras comicas asterix y obelix ,0
tiras comicas archie ,0
tiras comicas americanas ,0
tiras comicas actividades ,0
tiras comicas a blanco y negro ,0
tiras comicas benitin y eneas ,0
tiras comicas blanco y negro ,0
tiras comicas batman ,0
tiras comicas breves ,0
historietas comicas del bullying ,0
historietas comicas de batman ,0
historietas comicas de bob esponja ,0
historietas comicas de biologia ,0
historietas comicas de barbie ,0
historietas comicas de dragon ball ,0
historietas comicas cortas en ingles ,10
historietas comicas cortas en ingles y español ,0
historietas comicas chistosas ,0
historietas comicas con onomatopeyas ,0
historietas comicas cortas condorito ,0
historietas comicas cortas en español ,0
tiras cómicas cortas ,0
tiras comicas cortas para niños ,0
tiras comicas caracteristicas ,0
tiras comicas clasicas ,0
tiras comicas condorito ,50
tiras comicas con gerundios y participios ,0
tiras comicas con onomatopeyas ,0
tiras comicas condorito español ,0
tiras comicas charlie brown en español ,0
tiras comicas como hacer ,0
tiras comicas cristianas ,10
tiras comicas calvin y hobbes ,0
historietas comicas del medio ambiente ,0
historietas comicas de 10 viñetas ,0
historietas comicas de 6 viñetas ,0
historietas comicas de animales ,10
historietas comicas de terror ,0
historietas comicas de 8 viñetas ,0
historietas comicas de 20 viñetas ,0
historietas comicas de mafalda ,0
historietas comicas de garfield ,10
historietas comicas de garfield en español ,0
historietas comicas de futbol ,0
historietas comicas ejemplos ,0
historietas comicas en pdf ,0
tiras comicas en ingles ,480
tiras comicas ejemplos ,0
tiras comicas educativas ,30
tiras comicas españolas ,0
tiras comicas en ingles para niños ,0
tiras comicas en blanco ,20
tiras comicas educando a papa ,0
tiras comicas el tiempo ,10
tiras comicas en periodicos ,0
tiras comicas educativas para niños ,0
tiras comicas en blanco para imprimir ,30
tiras comicas en frances ,0
tiras comicas el fantasma ,0
tiras comicas elementos ,0
tiras comicas el jueves ,0
historietas comicas facil de dibujar ,0
tiras comicas faro de vigo ,0
tiras comicas famosas ,30
tiras comicas faciles de dibujar ,0
tiras comicas faciles ,0
tiras comicas feministas ,0
tiras comicas faciles de hacer ,0
tiras comicas francés ,0
tiras comicas forges ,10
tiras comicas futbol ,0
tiras comicas familiares ,0
tiras cómicas faciles ,0
tiras comicas felipe ,0
tiras cómicas función ,0
tiras cómicas facil de hacer ,0
tiras comicas foto ,0
tiras cómicas frances ,0
tiras comicas garfield ,110
tiras comicas garfield español ,0
tiras comicas gatos ,0
tiras comicas garfield pdf ,0
tiras comicas guatemaltecas ,0
garfield tiras comicas ,0
tiras comicas galicia ,0
historietas comicas graciosas ,0
tiras comicas gratis ,10
tiras comicas gallegas ,0
tiras comicas gaturro ,0
tiras comicas goku ,0
tiras comicas graciosos ,0
tiras comicas historia ,0
tiras comicas humor negro ,0
tiras comicas henry ,0
historietas comicas de super heroes ,0
tiras comicas humor ,0
tiras comicas happiness cyanide ,0
tiras comicas happiness ,0
tiras comicas hoy ,0
historietas comicas de heroes ,0
historietas cómicas de humor ,0
historietas comicas de hulk ,0
historietas comicas inventadas ,0
historietas comicas infantiles ,0
tiras comicas in english ,0
tiras comicas infantiles ,90
tiras comicas imagenes ,20
tiras comicas informatica ,0
tiras comicas ingles ,10
tiras comicas infantiles en español ,0
tiras comicas informacion ,0
historietas comicas para imprimir ,0
tiras comicas japonesas ,10
tiras comicas kaliman ,0
historietas comicas que es ,0
